disease	srp	number
IBD	srp008368	2
IBD	srp015779	22
IBD	srp040310	86
IBD	drp001286	12
IBD	srp050217	184
IBD	erp007167	2
IBD	erp005645	356
IBD	srp060527	444
IBD	srp064212	2
IBD	srp064354	174
IBD	srp064466	32
IBD	erp012511	2
IBD	srp066271	2
IBD	srp067311	32
IBD	srp075595	4202
IBD	srp076841	347
IBD	srp077046	200
IBD	srp076281	153
IBD	srp100786	119
IBD	srp100787	105
IBD	srp100793	192
IBD	srp100795	192
IBD	erp016332	1
IBD	srp102742	109
IBD	erp006567	44
IBD	erp021216	138
IBD	srp109059	7
IBD	srp109133	9
IBD	srp111879	203
IBD	srp113795	6
IBD	srp115267	88
IBD	srp115494	3434
IBD	erp020401	624
IBD	srp095645	90
IBD	erp016731	12
IBD	srp115812	444
IBD	erp024347	818
IBD	srp192621	42
IBD	srp193874	174
IBD	drp005360	78
IBD	srp219474	148
IBD	srp219770	1
IBD	erp109728	34
IBD	srp220810	32
IBD	srp221339	4
IBD	srp221484	195
IBD	srp225705	41
IBD	srp238116	30
IBD	srp253721	4
IBD	erp120376	22
IBD	srp286203	119
IBD	drp006780	12
IBD	srp297766	19
IBD	srp299211	20
IBD	srp129027	220
IBD	erp106487	79
IBD	srp136057	202
IBD	srp136172	43
IBD	erp105002	281
IBD	srp141627	30
IBD	srp145547	10
IBD	srp151260	9
IBD	erp108602	6
IBD	srp158781	180
IBD	srp165969	18
IBD	srp169881	64
IBD	srp174449	44
IBD	erp014919	8
Psoriasis	srp050347	20202
Psoriasis	srp002421	241
Psoriasis	srp007825	47
Psoriasis	srp011552	2
Psoriasis	srp016583	6
Psoriasis	srp022585	1
Psoriasis	srp029588	34
Psoriasis	srp035988	179
Psoriasis	srp044183	1
Psoriasis	erp005150	42
Psoriasis	erp005151	42
Psoriasis	erp005152	42
Psoriasis	erp005153	41
Psoriasis	srp049564	4816
Psoriasis	srp214545	581
Psoriasis	srp223060	27
Psoriasis	srp226856	9
Psoriasis	srp238534	9
Psoriasis	srp238713	30
Psoriasis	srp253611	20
Psoriasis	srp262330	42
Psoriasis	erp121970	1
Psoriasis	srp273339	8
Psoriasis	srp291300	24
Psoriasis	srp055813	36
Psoriasis	srp057087	28
Psoriasis	srp065812	36
Psoriasis	erp008469	2
Psoriasis	srp068451	60
Psoriasis	srp070454	45
Psoriasis	srp074369	3
Psoriasis	srp076982	259
Psoriasis	srp082496	6
Psoriasis	srp083914	56
Psoriasis	srp093255	6
Psoriasis	srp095209	1
Psoriasis	srp102263	48
Psoriasis	srp102352	22
Psoriasis	srp116090	6
Psoriasis	srp116922	36
Psoriasis	erp104742	13
Psoriasis	srp126422	16
Psoriasis	srp128033	6
Psoriasis	srp128102	1
Psoriasis	srp132160	15
Psoriasis	srp145260	22
Psoriasis	srp148600	47
Psoriasis	erp107880	417
Psoriasis	srp154474	28
Psoriasis	srp155952	191
Psoriasis	erp110543	257
Psoriasis	erp110813	29
Psoriasis	erp110816	180
Psoriasis	erp110814	30
Psoriasis	srp165679	147
Psoriasis	erp111460	18
Psoriasis	srp173378	16
Psoriasis	srp173379	19
Psoriasis	srp182073	39
Psoriasis	srp183510	13
Psoriasis	erp107551	11
Psoriasis	srp191003	27
Psoriasis	erp016529	228
T1D	srp007006	4
T1D	srp012545	20
T1D	srp018853	80
T1D	srp044262	36
T1D	srp045500	134
T1D	srp056054	1430
T1D	erp008469	2
T1D	srp071170	14
T1D	srp072561	221
T1D	srp073527	2
T1D	erp016357	788
T1D	srp078351	70
T1D	srp107965	220
T1D	srp113258	12
T1D	srp115040	4
T1D	srp121445	8
T1D	srp121701	12
T1D	srp131085	246
T1D	erp024587	16
T1D	srp133205	67
T1D	srp135788	49
T1D	srp136479	66
T1D	srp136483	22
T1D	srp136938	195
T1D	srp137047	348
T1D	srp151126	31
T1D	srp151749	8
T1D	erp108585	144
T1D	srp155484	9
T1D	erp108451	10
T1D	erp110323	66
T1D	srp173298	39
T1D	srp174207	2
T1D	srp174223	286
T1D	srp174638	493
T1D	srp175119	8
T1D	srp187510	63
T1D	erp022254	77
T1D	srp189995	77
T1D	srp193783	12
T1D	srp198958	71
T1D	srp199001	12
T1D	srp200091	3
T1D	srp215802	1
T1D	srp216960	92
T1D	srp221142	10
T1D	srp223617	16
T1D	srp228580	10
T1D	srp229070	4
T1D	srp230455	10
T1D	srp233250	38
T1D	srp236881	19
T1D	srp236884	16
T1D	srp236885	10
T1D	srp236887	8
T1D	srp239527	30
T1D	srp245547	16
T1D	srp245851	24
T1D	srp245876	3
T1D	srp246932	5
T1D	srp246939	34
T1D	srp248292	450
T1D	srp250099	10
T1D	drp005970	73
T1D	srp260401	13
T1D	srp260470	6
T1D	srp270971	532
T1D	srp279433	212
T1D	srp284259	116
T1D	srp287193	98
MS	srp001898	207
MS	srp042146	35
MS	srp042205	16
MS	srp042235	37
MS	srp042309	2
MS	srp045500	134
MS	srp045900	3
MS	srp055874	14
MS	srp056049	16
MS	srp056954	14
MS	drp000690	1
MS	drp000691	1
MS	drp000692	1
MS	drp000693	1
MS	drp000694	1
MS	drp000695	1
MS	drp000696	1
MS	drp000697	1
MS	drp000698	1
MS	drp000699	1
MS	drp000700	1
MS	drp000701	1
MS	drp000702	1
MS	drp000703	1
MS	drp000705	1
MS	drp000706	1
MS	drp000707	1
MS	drp000708	1
MS	drp000709	1
MS	drp000710	1
MS	drp000711	1
MS	drp000712	1
MS	drp000713	1
MS	drp000714	1
MS	drp000715	1
MS	erp012511	1
MS	srp069333	24
MS	drp000704	1
MS	drp002723	9
MS	srp075039	210
MS	srp081087	67
MS	srp093349	62
MS	srp099127	24
MS	erp016332	279
MS	srp107023	96
MS	srp109059	7
MS	srp110016	10
MS	srp113311	9
MS	erp101460	147
MS	srp120996	10
MS	srp122913	87
MS	srp124937	3
MS	srp125228	44
MS	srp132699	30
MS	srp132774	6
MS	srp135709	6
MS	srp144462	2208
MS	srp146086	342
MS	erp104876	12
MS	erp021706	10
MS	srp154254	34
MS	srp157610	6
MS	srp166888	21
MS	srp170621	46
MS	erp104700	110
MS	srp173190	50
MS	erp104707	139
MS	srp178219	16
MS	srp180896	30
MS	srp185630	6
MS	srp186647	318
MS	srp187186	9
MS	srp187577	15
MS	srp189751	7
MS	srp192465	29
MS	srp199159	11
MS	srp199470	21
MS	srp201915	174
MS	srp217499	4
MS	srp219971	20
MS	srp221152	427
MS	srp221464	30
MS	srp222107	12
MS	srp222831	3
MS	srp223886	22
MS	srp224883	98
MS	srp226757	85
MS	erp117035	65
MS	srp229107	215
MS	srp237761	4
MS	srp237763	9
MS	srp239092	144
MS	srp245372	4
MS	srp248412	12
MS	srp258890	55
MS	srp269627	94
MS	drp006404	118
MS	drp006403	118
MS	srp277381	33
MS	srp282511	40
MS	erp123974	35
MS	srp286403	8
MS	srp286752	50
MS	erp115477	113
MS	srp287538	12
MS	erp117081	18
MS	srp293818	64
MS	srp297575	9
RA	srp007941	4
RA	srp009315	4
RA	srp023463	70
RA	srp034624	12
RA	srp034535	11
RA	srp042288	10
RA	srp043193	19
RA	srp043707	6
RA	erp006678	530
RA	erp008469	4
RA	srp073033	68
RA	srp077668	4
RA	srp078979	2
RA	srp092408	152
RA	srp093699	24
RA	srp096372	32
RA	srp099688	8
RA	srp100687	21
RA	srp100688	21
RA	srp100612	22
RA	srp100947	74
RA	srp102685	38
RA	srp106634	17
RA	srp107189	12
RA	srp109548	20
RA	srp110255	8
RA	srp110580	18
RA	srp113478	5
RA	srp115557	16
RA	erp017267	2
RA	srp125671	4
RA	srp132600	17
RA	srp133278	48
RA	srp136572	13
RA	srp137040	152
RA	srp137042	37
RA	srp140437	22
RA	srp146547	14
RA	srp150122	21
RA	srp151749	8
RA	erp107948	65
RA	erp023025	113
RA	srp152983	30
RA	srp155483	120
RA	srp156530	384
RA	srp157127	8
RA	srp158491	336
RA	srp158603	3961
RA	srp158781	180
RA	srp162125	147
RA	srp162262	213
RA	erp111448	15
RA	srp167792	24
RA	srp168029	10
RA	srp168244	30
RA	srp169062	44
RA	srp169072	6
RA	srp169085	13
RA	srp172871	8
RA	srp174516	18
RA	erp104864	113
RA	srp189000	6
RA	srp189002	6
RA	srp191512	6
RA	srp192824	4
RA	erp114936	15
RA	srp212629	40
RA	srp218228	94
RA	srp219116	198
RA	srp223483	126
RA	erp116461	2
RA	srp225168	240
RA	srp227528	18
RA	erp116751	36
RA	srp233489	5
RA	srp235240	6
RA	srp238820	6
RA	srp241209	20
RA	srp244267	42
RA	srp247536	7
RA	srp247758	49
RA	srp247942	10
RA	srp248466	14
RA	srp255889	12
RA	srp255893	14
RA	srp255896	27
RA	erp117284	106
RA	erp117716	12
RA	erp120998	33
RA	srp261405	4
RA	srp266144	9
RA	srp271086	24
RA	srp272059	6
RA	srp273282	10
RA	srp274340	32
RA	srp276151	12
RA	srp276568	12
RA	srp286551	1
RA	srp287653	12
RA	drp006807	9
RA	srp298387	48
RA	srp298566	163
RA	srp298704	86
Thyreoditis	srp291363	15
MyGr	srp081539	41
MyGr	srp140662	20
MyGr	srp199330	30
MyGr	srp257922	15
SLE	srp028162	40
SLE	srp028945	2
SLE	srp057017	20
SLE	srp061633	60
SLE	srp062966	99
SLE	srp073191	16
SLE	srp095109	12
SLE	srp095209	1
SLE	srp119065	4
SLE	srp119242	12
SLE	srp131775	29
SLE	srp131995	6
SLE	srp132939	53
SLE	srp133278	48
SLE	srp136102	120
SLE	erp106593	88
SLE	srp151215	112
SLE	erp009947	10
SLE	srp156582	15
SLE	srp156583	120
SLE	srp156584	339
SLE	srp156606	12
SLE	srp166055	12
SLE	srp166968	3
SLE	srp168421	20
SLE	srp189104	18
SLE	srp192580	284
SLE	srp199000	36
SLE	erp110106	12
SLE	srp217372	1
SLE	srp220690	66
SLE	srp221351	15
SLE	srp226877	51
SLE	srp226878	24
SLE	srp237539	3
SLE	srp260470	2
SLE	srp269942	4
SLE	srp273388	47
SLE	srp274549	8
SLE	srp276219	12
SLE	erp110386	4
SLE	srp228894	426
